<ImportExportXml version="9.2.23033.204" SolutionPackageVersion="9.2" languagecode="1033" generatedBy="CrmLive" xmlns:xsi="http://www.w3.org/2001/XMLSchema-instance">
  <SolutionManifest>
    <UniqueName>Teamsteamrequestform</UniqueName>
    <LocalizedNames>
      <LocalizedName description="Teams-team-request-form" languagecode="1033" />
    </LocalizedNames>
    <Descriptions />
    <Version>1.0.0.1</Version>
    <Managed>0</Managed>
    <Publisher>
      <UniqueName>KaterinaChernevskaya</UniqueName>
      <LocalizedNames>
        <LocalizedName description="Katerina Chernevskaya" languagecode="1033" />
      </LocalizedNames>
      <Descriptions />
      <EMailAddress>katerina.chernevskaya@ms-learn.com</EMailAddress>
      <SupportingWebsiteUrl xsi:nil="true"></SupportingWebsiteUrl>
      <CustomizationPrefix>kch</CustomizationPrefix>
      <CustomizationOptionValuePrefix>84224</CustomizationOptionValuePrefix>
    </Publisher>
    <RootComponents>
      <RootComponent type="29" id="{3009b2c4-6cdc-ed11-a7c6-000d3abffcfc}" behavior="0" />
      <RootComponent type="300" schemaName="cr99a_newteamrequest_c2a91" behavior="0" />
    </RootComponents>
    <MissingDependencies />
  </SolutionManifest>
</ImportExportXml>